observed_date,query,pack_position,business_name,visible_primary_category,our_listing_yn,phone_visible,phone_lock_ok,recommended_primary,recommended_secondary,action,notes,verification
2026-08-24,mortgage lender Cleveland,,,,,,,Mortgage lender,Loan agency,NO_SNAPSHOT,Public Maps pack not loaded this run. Human: search in incognito and fill pack_position + business_name columns.,UNVERIFIED
2026-08-24,mortgage broker Cleveland Ohio,,,,,,,Mortgage broker,Loan agency,NO_SNAPSHOT,Public Maps pack not loaded this run. Note which pack lenders use broker vs lender as primary.,UNVERIFIED
2026-08-24,home loan Cleveland,,,,,,,Mortgage lender,,NO_SNAPSHOT,Public Maps pack not loaded this run.,UNVERIFIED
2026-08-24,first time home buyer Cleveland,,,,,,,Mortgage lender,Loan agency,NO_SNAPSHOT,Public Maps pack not loaded this run. FTB queries often surface lenders + credit unions.,UNVERIFIED
2026-08-24,refinance Cleveland Ohio,,,,,,,Mortgage lender,,NO_SNAPSHOT,Public Maps pack not loaded this run.,UNVERIFIED
2026-08-24,CONRAD_LISTING,,Conrad Mortgage / Conrad Team,,,,216-250-9078,Y,Mortgage lender,Loan agency,CHANGE_AFTER_HUMAN,Current GBP primary/secondary categories UNVERIFIED in repo. Recommended pair matches QM purchase/refi scope per business.md. Do not add Financial planner or Real estate consultant unless listing truly offers those services.,UNVERIFIED
2026-08-24,CATEGORIES_TO_AVOID,,,,,,,,,KEEP,Do not add to Conrad Mortgage GBP without human confirmation: Construction company; Hard money lender; Real estate developer; DSCR/investor loan categories; Goldfront Capital / Goldfront Homes branding.,SEEN
2026-08-24,PHONE_CHECK,,,,,,,,,FLAG_UNVERIFIED_MAPS,Repo phone lock is 216-250-9078. Prior site-watch showed 216-279-5821 on theconradteam.com (site under maintenance 2026-08-24). Never publish 216-513-5139. If an unverified Maps pin shows the dead number leave it alone until a human confirms entity control.,UNVERIFIED
2026-08-24,SUMMARY,,,,,,,,,CHANGE_AFTER_HUMAN,"Human GBP steps this week (categories only): 1) Open GBP admin → Business category. 2) Confirm current primary — if blank or misaligned set Primary to Mortgage lender OR Mortgage broker (pick the one that matches how Conrad is licensed/positioned; broker if intermediary model fits). 3) Add secondary Loan agency only if accurate. 4) Remove any construction/hard-money/DSCR/Goldfront categories. 5) Run the five target queries in incognito; note pack lenders' visible categories and update this CSV. 6) Confirm phone 216-250-9078 on the listing you control before any category save.",SEEN
